[
    { "codigo" : "200.10.001" },
    { "codigo" : "200.10.100" },
    { "codigo" : "200.10.200" },
    { "codigo" : "200.10.201" },
    { "codigo" : "200.10.400" },
    { "codigo" : "200.10.700" },
    { "codigo" : "200.10.800" },
    { "codigo" : "200.10.002" },
    { "codigo" : "200.20.001" },
    { "codigo" : "200.10.600" },
    { "codigo" : "200.20.002" },
    { "codigo" : "200.20.500" },
    { "codigo" : "200.20.501" },
    { "codigo" : "200.20.502" },
    { "codigo" : "200.30.300" },
    { "codigo" : "200.10.501" },
    { "codigo" : "200.10.300" },
    { "codigo" : "200.30.301" },
    { "codigo" : "200.30.001" },
    { "codigo" : "200.30.600" },
    { "codigo" : "200.30.302" },
    { "codigo" : "200.30.303" }
]